city_id,DMC_name,Mobile,landline,Email,Contact Person ,Emergency Contact  No,Address,State_id,Country,Website,Bank Name,Account Name,Account No,Branch,IFSC/swift Code,PAN/TAN No,Tax No,Opening balance,As Of date,Side
AUSTRALIA,,,,,,,,,,,,,,,,,,,,
,Australia & Beyond Holidays, 61 3 7002 1830,61 407 889 620,leon@aabh.com.au,Mr.Leon Ellas,AUSTRALIA,,,,,,,,,,,,,,
,Aussie Perth Tours,61 433 136 212,61 8 9221 2400,holiday@aussieperthtours.com.au,Mr. Firoz Pestonji,AUSTRALIA,,,,,,,,,,,,,,
,Australian Tours Management,61 411 259 190,61 3 92234601,teh@atmtravel.com.au,Mr. Eng Waa Teh,AUSTRALIA,,,,,,,,,,,,,,
,Australian Tours Management,,61 39662 159,vishal@atmtravels.com.au,Mr.Vishal Malhotra,AUSTRALIA,,,,,,,,,,,,,,
,Aussie Tour Planner,,61 872 000 636,sales@atpinbound.com.au,Mr. Jasbir Singh,AUSTRALIA,,,,,,,,,,,,,,
,Fortune Inbound Tour,,91 8450955550,sales@fortuneinboundtour.com.au,Mr. Chander Chhabriya,AUSTRALIA,,,,,,,,,,,,,,
,Great Aussie Travel & Tours,61 405108100,61 2 9957 1777,victor@greataussietravel.com.au,Mr. Victor Bestawros,AUSTRALIA,,,,,,,,,,,,,,
,H2Oz Travel,,,leonard.tang@h2oztravel.com.au,Mr. Leonard Tang,AUSTRALIA,,,,,,,,,,,,,,
,Holiday Pacific Pty Ltd,,,carl@holidaypacific.com.au,Mr. Carl Mah,AUSTRALIA,,,,,,,,,,,,,,
,Travel Maestro Inbound,96835032,61 2 98902347,khorshed@tminbound.com,Ms Khorshed Poacha,AUSTRALIA,,,,,,,,,,,,,,
,Travel Maestro Inbound,96835032,61 2 98902347,deepa@tminbound.com,Ms. Deepa Kale Shah,AUSTRALIA,,,,,,,,,,,,,,
,Turtle Down Under,,61 430442201,abhisheks@turtledownunder.com.au,Mr. Abhishek Sonthalia,AUSTRALIA,,,,,,,,,,,,,,
,WELTravel (Australia) Pty Ltd,,61 8 9221 2688,Edwin@weltravel.com,Mr. Edwin Kwan,AUSTRALIA,,,,,,,,,,,,,,
,Xplore Australia,91 7506526232/61 4 69137394,61 4 13472536,sales@xploreaustralia.com,Ms. Jina Shah,AUSTRALIA,,,,,,,,,,,,,,
INDIA BASED,AOT Inbound Pty Ltd,91 9833519867,91 22 28220090,mukesh.jagasia@aot.com.au,Mr. Mukesh Jagasia,AUSTRALIA,,,,,,,,,,,,,,
,Aussie Perth Tours,91 98200 91956,,dilshad@aussieperthtours.com.au,Ms. Dilshad Homavazir,AUSTRALIA,,,,,,,,,,,,,,
,Aussie Tour Planner,91 7990264276,91 0265 2985424,sales@atpinbound.com.au,Mr. Jigar Patel,AUSTRALIA,,,,,,,,,,,,,,
,Holiday Pacific Pty. Ltd,91 9167435390,,India@holidaypacific.com.au,Monica Bhasin Das,AUSTRALIA,,,,,,,,,,,,,,
,International Travel & Cruise,91 9811766804,,Deb@internationaltravelandcruise.com,Mr. Debjyoti De,AUSTRALIA,,,,,,,,,,,,,,
INBOUND TOUR OPERATORS HANDLING INDIAN MARKET,,,,,,,,,,,,,,,,,,,,
,K2K Inbound,91 9769625211,,support@k2kinbound.com.au,Ayushi Dhoot,AUSTRALIA,,,,,,,,,,,,,,
,Pathfinders Destinations Pvt. Ltd.,91 7875558825,91 20 41203329,product@pathfinderstravels.com,Kinnari Parmar,AUSTRALIA,,,,,,,,,,,,,,
,Travel Maestro Inbound PTY LTD,2647 0128,91 22 2647 0127,Zain@tminbound.com,Mr. Zain Bijapuri,AUSTRALIA,,,,,,,,,,,,,,
,Smart Travels,91 22?26782540,91 9819412374,sales@smart?travels.com,G. Ravindra Kumar,AUSTRALIA,,,,,,,,,,,,,,
,Turtle Down Under,91 70210 31804,,kunalr@turtledownunder.com.au,Mr. Kunal Ramchandani,AUSTRALIA,,,,,,,,,,,,,,
,Turtle Down Under,91 9819813305,,sales@turtledownunder.com.au,Mr. Abhishek Patil,AUSTRALIA,,,,,,,,,,,,,,
,WEL?Travel (Australia) Pty Ltd,91 98208 00486,91 97696 60486,prashant@weltravel.com,Mr. Prashant Gupta,AUSTRALIA,,,,,,,,,,,,,,
,WEL?Travel (Australia) Pty Ltd,91 98208 00486,91 97696 60486,India@weltravel.com,Mr. Prashant Gupta,AUSTRALIA,,,,,,,,,,,,,,
SINGAPORE,,,,,,,,,,,,,,,,,,,,
,LUXURY TOURS,6594242434,,Thomas.Vimal@luxury.com.sg,THOMAS VIMAL,SINGAPORE,,,,,,,,,,,,,,
,LUXURY TOURS,,,Srilatha@luxury.com.sg,SRILATHA,SINGAPORE,,,,,,,,,,,,,,
,LUXURY TOURS,,,indiafit@luxury.com.sg,GURU,SINGAPORE,,,,,,,,,,,,,,
,ORCHID SINGAPORE,6582452386,,sumit.dutta@orchiddmc.net,SUMIT,SINGAPORE,GROUP,,,,,,,,,,,,,
,ORCHID SINGAPORE,6582452386,,sumit.dutta@orchiddmc.net,SUMIT,SINGAPORE,FIT,,,,,,,,,,,,,
,ORCHID SINGAPORE,9620165174,,blr@orchiddmc.net,NIVEDITA,SINGAPORE,FIT,,,,,,,,,,,,,
,ORCHID SINGAPORE,9620165174,,blr@orchiddmc.net,NIVEDITA,SINGAPORE,GROUP,,,,,,,,,,,,,
,TOUR LAND,,,nibin@tourland.com.sg,NIBIN,SINGAPORE,FIT,,,,,,,,,,,,,
,TOUR LAND,,,nibin@tourland.com.sg,NIBIN,SINGAPORE,GROUP,,,,,,,,,,,,,
,RED APPLE,9831100525,,amit.s@redappletravel.com,AMIT SHARMA,SINGAPORE,FIT,,,,,,,,,,,,,
,RED APPLE,,,amit.s@redappletravel.com,AMIT SHARMA,SINGAPORE,GROUP,,,,,,,,,,,,,
,RED APPLE,2261065000,,rekha.c@redapplemice.com,REKHA,SINGAPORE,,,,,,,,,,,,,,
,RED APPLE,,,bhavika.p@redapplemice.com,BHAVIKA,SINGAPORE,,,,,,,,,,,,,,
THAILAND,,,,,,,,,,,,,,,,,,,,
,GOOD DMC THAILAND,66867677487,,gooddmc@outlook.com,JOHN,THAILAND,GROUP,,,,,,,,,,,,,
,GOOD DMC THAILAND,66867677487,,johnjiecenter@yahoo.com,JOHN,THAILAND,GROUP,,,,,,,,,,,,,
,ORCHID THAILAND,9620165174,,blr@orchiddmc.net,NIVEDITA,THAILAND,GROUP/FIT,,,,,,,,,,,,,
,ORCHID THAILAND,7602708986,,south.ops2@orchiddmc.net,PAMPA,THAILAND,FIT,,,,,,,,,,,,,
,ORCHID THAILAND,9836416894,,south.ops1@orchiddmc.net,SAMTHA,THAILAND,FIT,,,,,,,,,,,,,
,MAGGI HOLIDAYS,8921272121,,salesxe1@magiholidays.co.th,VIBHIN,THAILAND,,,,,,,,,,,,,,
,,,,groups@magiholidays.co.th,NIDHIN,THAILAND,GROUPS,,,,,,,,,,,,,
,,,,salesco1@magiholidays.co.th,,THAILAND,GROUP,,,,,,,,,,,,,
,ASIAN TRAILS,66026518119,,Sajith@asiantrails.org,SAJITH,THAILAND,,,,,,,,,,,,,,
,,,,stanley@asiantrails.org,STANLEY,THAILAND,,,,,,,,,,,,,,
,,,,natruedee@asiantrails.org,NATRUDEE,THAILAND,,,,,,,,,,,,,,
,,,,rujiraa@asiantrails.org,RUJIRA,THAILAND,,,,,,,,,,,,,,
,,,,ravi@asiantrails.org,RAVI,THAILAND,,,,,,,,,,,,,,
,,,,manir@asiantrails.org,MANIR,THAILAND,,,,,,,,,,,,,,
SRILANKA,,,,anand@asiantrails.org,ANAND,THAILAND,,,,,,,,,,,,,,
,NKAR DMC,,,chathuranga@nkartravelhouse.com,CHATHURANGA SLIVA,SRILANKA,,,,,,,,,,,,,,
,NKAR DMC,,,indiafit1@nkartravelhouse.com,ROSEMARY,SRILANKA,,,,,,,,,,,,,,
,APPLE HOLIDAYS,94715675276,,AUinbound1@appleholidaysds.com,LITTONE,SRILANKA,,,,,,,,,,,,,,
,APPLE HOLIDAYS,94773885858,,slmice4@appleholidaysds.com,RUWINI,SRILANKA,,,,,,,,,,,,,,
,APPLE HOLIDAYS,,,inbound14@sharmilatravels.com,HASNA,SRILANKA,,,,,,,,,,,,,,
,APPLE HOLIDAYS,,,nbound@sharmilatravels.com,DUSSY,SRILANKA,,,,,,,,,,,,,,
,JETWINGS,94772450810,,vikash@jetwing.lk,VIKAS,SRILANKA,,,,,,,,,,,,,,
,JETWINGS,,,manjitha@jetwing.lk,,SRILANKA,,,,,,,,,,,,,,
,JAGATH,94112255784,,info@srilankajagathtours.com,JAGATH DE SLIVA,SRILANKA,,,,,,,,,,,,,,
,JAGATH,94770551912,,jagathtours77@yahoo.com,KENNETH DE KAUWE,SRILANKA,,,,,,,,,,,,,,
,HALEYTOURS,94772106216,,dion@tours.hayleys.com,DION BOULTON,SRILANKA,,,,,,,,,,,,,,
,HALEYTOURS,94773002388,,dhanushka@tours.hayleys.com,DHANUSHKA KATUGAHA,SRILANKA,,,,,,,,,,,,,,
INDONESIA& BALI,,,,,,,,,,,,,,,,,,,,
,TRIA UMA,62811386190,,inquiry@triauma.com,,INDONESIA& BALI,,,,,,,,,,,,,,
,,,,suryawisatatour@gmail.com,,INDONESIA& BALI,,,,,,,,,,,,,,
,,,,operation9@triauma.com,,INDONESIA& BALI,,,,,,,,,,,,,,
,PRACTO BALI,62361288247,,adhoc1@pactobali.com,FRIDA,INDONESIA& BALI,,,,,,,,,,,,,,
,,62361288240,,adhoc4@pactobali.com,DWI,INDONESIA& BALI,,,,,,,,,,,,,,
,,,,india5@pactobali.com,CHERRY,INDONESIA& BALI,,,,,,,,,,,,,,
,,,,jokomulyono@pactobali.com,JOKO,INDONESIA& BALI,,,,,,,,,,,,,,
,,,,umberto@pactobali.com,,INDONESIA& BALI,,,,,,,,,,,,,,
,,,,eddy@pactobali.com,,INDONESIA& BALI,,,,,,,,,,,,,,
,,,,asia2@pactobali.com,MAYANGSARI,INDONESIA& BALI,,,,,,,,,,,,,,
,ORCHID BALI,9620165174,,blr@orchiddmc.net,NIVEDITA - SALES,INDONESIA& BALI,,,,,,,,,,,,,,
,,,,bali@orchiddmc.net,DEEPAK NAG,INDONESIA& BALI,,,,,,,,,,,,,,
,,,,bali1@orchiddmc.net,,INDONESIA& BALI,,,,,,,,,,,,,,
,VARA TRIP,9884901436,,sanjaydavid@varatrip.com,SANJAY DAVID,INDONESIA& BALI,,,,,,,,,,,,,,
,,81237458585,,vivi@varatrip.com,VIVI MARIA,INDONESIA& BALI,,,,,,,,,,,,,,
CAMBODIA & VIETNAM,,,,,,,,,,,,,,,,,,,,
,LV TRAVERLS,84907568025,,sales.india@lvtravel.vn,JENNIE,CAMBODIA & VIETNAM,,,,,,,,,,,,,,
,,,,len@lvtravel.vn,LEE,CAMBODIA & VIETNAM,,,,,,,,,,,,,,
,JEWEL TOURS,84965325142,,sales04@jeweltours.com,THU NGUYEN,CAMBODIA & VIETNAM,,,,,,,,,,,,,,
,AQUASUN - VIETNAM,,,gm.vn@akquasun.com,Nguyen Van Anh,CAMBODIA & VIETNAM,,,,,,,,,,,,,,
,,,,sales.vn@akquasun.com,Vu Hong Lien,CAMBODIA & VIETNAM,,,,,,,,,,,,,,
,,,,sales01.vn@akquasun.com,Hoang Ngoc Huy,CAMBODIA & VIETNAM,,,,,,,,,,,,,,
,,,,operations.vn@akquasun.co,Le Thu Trang,CAMBODIA & VIETNAM,,,,,,,,,,,,,,
,AQUASUN - CAMBODIA,8.56E+11,,cambodia@akquasun.com,Kim Horn Seng,CAMBODIA & VIETNAM,,,,,,,,,,,,,,
,,85516691459,,operation.cambodia1@akquasun.com,chan Cheam,CAMBODIA & VIETNAM,,,,,,,,,,,,,,
,365 TRAVEL,84911902121,,ryan.nguyen@365travel.asia,RYAN,CAMBODIA & VIETNAM,,,,,,,,,,,,,,
,,,,tiffany.nguyen@365travel.asia,,CAMBODIA & VIETNAM,,,,,,,,,,,,,,
,,,,merry.khuat@365travel.asia,,CAMBODIA & VIETNAM,,,,,,,,,,,,,,
,,,,emma.dam@365travel.asia,,CAMBODIA & VIETNAM,,,,,,,,,,,,,,
MAURITIUS,,,,,,,,,,,,,,,,,,,,
,7 OCEAN,9841022014,,ananth@7oceanstourism.com,ANANTH RAM,MAURITIUS,,,,,,,,,,,,,,
,BLUE SENATATION,23057845717,,jaleel@blue-sensation.com.,JALEEL,MAURITIUS,,,,,,,,,,,,,,
,,,,operation@blue-sensation.com,,MAURITIUS,,,,,,,,,,,,,,
,,,,reservation@blue-sensation.com,,MAURITIUS,,,,,,,,,,,,,,
,AQUA SUN,23052570900,,zaynah@akquasun.com,Zaynah Kanowah,MAURITIUS,,,,,,,,,,,,,,
,,23052537395,,imran@akquasun.com,A.K.Imran,MAURITIUS,,,,,,,,,,,,,,
,,23059438856,,mrugroupsales@akquasun.com,Visham Carpen,MAURITIUS,,,,,,,,,,,,,,
,,7700907349,,mru.resa@akquasun.com,Vinod Suvarna,MAURITIUS,,,,,,,,,,,,,,
CHINA,,,,,,,,,,,,,,,,,,,,
,CHINA TOP VIEW,8.62E+12,,dora_an@cntvh.com,Dora,CHINA,,,,,,,,,,,,,,
,,,,info@chinatoptours.com,,CHINA,,,,,,,,,,,,,,
,,,,thalia-luo@cntvh.com,,CHINA,,,,,,,,,,,,,,
,AQUA SUN,861833922 0617,,chinaop01@akquasun.com,Becky Zhang,CHINA,,,,,,,,,,,,,,
,,9380664256,,sales.blr@akquasun.com,AMIT- SALES,CHINA,,,,,,,,,,,,,,
,EMAX TRAVEL,,,chris@emaxtravel.com,CHRIS,CHINA,,,,,,,,,,,,,,
,RUTH,,,iancairong19880109@126.com,RUTH,CHINA,,,,,,,,,,,,,,
,,,,giangtq@126.com,,CHINA,,,,,,,,,,,,,,
HONGKONG & MACAU,,,,,,,,,,,,,,,,,,,,
,AQUA SUN,852 5961 8070,,adil.khan@akquasun.com,ADIL KHAN,HONGKONG & MACAU,,,,,,,,,,,,,,
,,852 9387 9483,,mice@akquasun.com,GILL,HONGKONG & MACAU,,,,,,,,,,,,,,
,,,,jane@akquasun.com,JANE,HONGKONG & MACAU,,,,,,,,,,,,,,
,,52 5498 0257,,mercy@akquasun.com,MERCY,HONGKONG & MACAU,,,,,,,,,,,,,,
,TRAVEL BULLZ,9811315556,,raman@travelbullz.com,RAMDEEP SING,HONGKONG & MACAU,,,,,,,,,,,,,,
,,85253239983,,tejas@travelbullz.com,TEJAS AMBANI,HONGKONG & MACAU,,,,,,,,,,,,,,
,,,,nehatrivedi@travelbullz.com,NEHA,HONGKONG & MACAU,,,,,,,,,,,,,,
,,,,sagar@destinationanywhere.in,SAGAR - SALES,HONGKONG & MACAU,,,,,,,,,,,,,,
,HCT TRAVEL,852 2544-2037,,joseph@hctravel.hk,JOSEPH,HONGKONG & MACAU,,,,,,,,,,,,,,
,LIBERTY,9958144033,,meghana.arora@liberty-int.com,MEGHANA ARORA,HONGKONG & MACAU,,,,,,,,,,,,,,
MALAYSIA,,,,,,,,,,,,,,,,,,,,
,LUXURY MALAYSIA,60149869177,,Saran.Kumar@luxury.com.sg,SARAN,MALAYSIA,,,,,,,,,,,,,,
,,60166363539,,Thinakaran@luxurytours.com.my,,MALAYSIA,,,,,,,,,,,,,,
,ORCHID SINGAPORE,6582452386,,malaysia@orchiddmc.net,ANIRUDHAY,MALAYSIA,,,,,,,,,,,,,,
,,9620165174,,blr@orchiddmc.net,NIVEDITA - SALES,MALAYSIA,,,,,,,,,,,,,,
DUBAI,,,,,,,,,,,,,,,,,,,,
,EQUIFAX TOURISM,9.71559E+11,,inbound@equifaxtourism.com,Aasim,DUBAI,,,,,,,,,,,,,,
,,,,operations@equifaxtourism.com,RAMKUMAR,DUBAI,,,,,,,,,,,,,,
,TURING POINT,9.71564E+11,,,,DUBAI,,,,,,,,,,,,,,
,,9830192404,,ali@turningpointdxb.com,Ali,DUBAI,,,,,,,,,,,,,,
,,,,saif@turningpointdxb.com,SAIF - SALES,DUBAI,,,,,,,,,,,,,,
,,,,chander@turningpointdxb.com,CHANDER,DUBAI,,,,,,,,,,,,,,
,,,,backoffice3@turningpointdxb.com,,DUBAI,,,,,,,,,,,,,,
,,,,,,DUBAI,,,,,,,,,,,,,,
,SHAAN TOURISM,9.71503E+11,,prashanth@shaantourism.com,PRASHANT,DUBAI,,,,,,,,,,,,,,
,,,,senthil@shaantourism.com,,DUBAI,,,,,,,,,,,,,,
,,,,,,DUBAI,,,,,,,,,,,,,,
,AQUASUN,9.71558E+11,,lavin@akquasun.com,Lavin Dhansinghani,DUBAI,,,,,,,,,,,,,,
,,9.71562E+11,,gautam@akquasun.com,Gautam Baja,DUBAI,,,,,,,,,,,,,,
,,,,dipesh@akquasun.com,Dipesh Mehta,DUBAI,,,,,,,,,,,,,,
,,,,dubai.operations2@akquasun.com,Monika Reen,DUBAI,,,,,,,,,,,,,,
,,,,dubai.operations1@akquasun.com,Meenakshi Gupta,DUBAI,,,,,,,,,,,,,,
,,,,,,DUBAI,,,,,,,,,,,,,,
,UNITED WORLD,9845009365,,,ARUN,DUBAI,,,,,,,,,,,,,,
,,,,,MELVYN - SALES,DUBAI,,,,,,,,,,,,,,
,,,,,,DUBAI,,,,,,,,,,,,,,
,ROYAL GULF,9.71505E+11,,rumy@royalpark.net,RUMY,DUBAI,,,,,,,,,,,,,,
